<?xml version="1.0" encoding="UTF-8"?>
<TextureAtlas imagePath="marianospritesheet.png" width="256" height="512">
    <sprite n="marianoRajoy.png" x="0" y="0" w="40" h="110" pX="0.5" pY="0.5"/>
    <sprite n="marianoRajoyAttDer.png" x="40" y="0" w="80" h="110" pX="0.5" pY="0.5"/>
    <sprite n="marianoRajoyAttIzq.png" x="120" y="0" w="80" h="110" pX="0.5" pY="0.5"/>
    <sprite n="marianoRajoyDer.png" x="200" y="0" w="40" h="110" pX="0.5" pY="0.5"/>
    <sprite n="marianoRajoyDer1.png" x="0" y="110" w="40" h="110" pX="0.5" pY="0.5"/>
    <sprite n="marianoRajoyDer2.png" x="40" y="110" w="40" h="110" pX="0.5" pY="0.5"/>
    <sprite n="marianoRajoyIzq.png" x="80" y="110" w="40" h="110" pX="0.5" pY="0.5"/>
    <sprite n="marianoRajoyIzq1.png" x="120" y="110" w="40" h="110" pX="0.5" pY="0.5"/>
    <sprite n="marianoRajoyIzq2.png" x="160" y="110" w="40" h="110" pX="0.5" pY="0.5"/>
    <sprite n="marianoRajoySaltoDer.png" x="200" y="110" w="40" h="110" pX="0.5" pY="0.5"/>
    <sprite n="marianoRajoySaltoIzq.png" x="0" y="220" w="40" h="110" pX="0.5" pY="0.5"/>
    <sprite n="sobre.png" x="40" y="220" w="30" h="24" pX="0.5" pY="0.5"/>
</TextureAtlas>
